<?xml version="1.0" encoding="UTF-8"?>
<metadata xml:lang="en"><Esri><CreaDate>20220217</CreaDate><CreaTime>11322400</CreaTime><ArcGISFormat>1.0</ArcGISFormat><SyncOnce>FALSE</SyncOnce><DataProperties><itemProps><itemName Sync="TRUE">TOD_ALL</itemName><imsContentType Sync="TRUE">002</imsContentType><itemSize Sync="TRUE">0.000</itemSize><itemLocation><linkage Sync="TRUE">file://\\TRF5170LJT\C$\Users\a0036293\Desktop\CoJ_ToD\CoJ_ToD\TOD_ALL.shp</linkage><protocol Sync="TRUE">Local Area Network</protocol></itemLocation></itemProps><coordRef><type Sync="TRUE">Geographic</type><geogcsn Sync="TRUE">GCS_WGS_1984</geogcsn><csUnits Sync="TRUE">Angular Unit: Degree (0.017453)</csUnits><peXml Sync="TRUE">&lt;GeographicCoordinateSystem xsi:type='typens:GeographicCoordinateSystem' xmlns:xsi='http://www.w3.org/2001/XMLSchema-instance' xmlns:xs='http://www.w3.org/2001/XMLSchema' xmlns:typens='http://www.esri.com/schemas/ArcGIS/10.3'&gt;&lt;WKT&gt;GEOGCS[&amp;quot;GCS_WGS_1984&amp;quot;,DATUM[&amp;quot;D_WGS_1984&amp;quot;,SPHEROID[&amp;quot;WGS_1984&amp;quot;,6378137.0,298.257223563]],PRIMEM[&amp;quot;Greenwich&amp;quot;,0.0],UNIT[&amp;quot;Degree&amp;quot;,0.0174532925199433],AUTHORITY[&amp;quot;EPSG&amp;quot;,4326]]&lt;/WKT&gt;&lt;XOrigin&gt;-400&lt;/XOrigin&gt;&lt;YOrigin&gt;-400&lt;/YOrigin&gt;&lt;XYScale&gt;11258999068426.238&lt;/XYScale&gt;&lt;ZOrigin&gt;-100000&lt;/ZOrigin&gt;&lt;ZScale&gt;10000&lt;/ZScale&gt;&lt;MOrigin&gt;-100000&lt;/MOrigin&gt;&lt;MScale&gt;10000&lt;/MScale&gt;&lt;XYTolerance&gt;8.983152841195215e-009&lt;/XYTolerance&gt;&lt;ZTolerance&gt;0.001&lt;/ZTolerance&gt;&lt;MTolerance&gt;0.001&lt;/MTolerance&gt;&lt;HighPrecision&gt;true&lt;/HighPrecision&gt;&lt;LeftLongitude&gt;-180&lt;/LeftLongitude&gt;&lt;WKID&gt;4326&lt;/WKID&gt;&lt;LatestWKID&gt;4326&lt;/LatestWKID&gt;&lt;/GeographicCoordinateSystem&gt;</peXml></coordRef><lineage><Process ToolSource="c:\program files (x86)\arcgis\desktop10.3\ArcToolbox\Toolboxes\Data Management Tools.tbx\Merge" Date="20170721" Time="160314">Merge TSH_Part_1;TSH_Part_2 C:\Users\a0036293\Desktop\CoJ_ToD\CoJ_ToD\TSH_TOD.shp "Name "Name" true true false 60 Text 0 0 ,First,#,TSH_Part_1,Name,-1,-1,TSH_Part_2,NAME,-1,-1;Shape_Leng "Shape_Leng" false true true 8 Double 0 0 ,First,#,TSH_Part_1,Shape_Length,-1,-1,TSH_Part_2,Shape_Length,-1,-1;ID "ID" true true false 4 Long 0 0 ,First,#,TSH_Part_2,ID,-1,-1;LENGTH "LENGTH" true true false 8 Double 0 0 ,First,#,TSH_Part_2,LENGTH,-1,-1;DIR "DIR" true true false 2 Short 0 0 ,First,#,TSH_Part_2,DIR,-1,-1;TYPE "TYPE" true true false 25 Text 0 0 ,First,#,TSH_Part_2,TYPE,-1,-1;BRT1 "BRT1" true true false 2 Short 0 0 ,First,#,TSH_Part_2,BRT1,-1,-1;BRT2 "BRT2" true true false 2 Short 0 0 ,First,#,TSH_Part_2,BRT2,-1,-1;BRT3 "BRT3" true true false 2 Short 0 0 ,First,#,TSH_Part_2,BRT3,-1,-1;BRT4 "BRT4" true true false 2 Short 0 0 ,First,#,TSH_Part_2,BRT4,-1,-1;BRT5 "BRT5" true true false 2 Short 0 0 ,First,#,TSH_Part_2,BRT5,-1,-1;BRT6 "BRT6" true true false 2 Short 0 0 ,First,#,TSH_Part_2,BRT6,-1,-1;BRT7 "BRT7" true true false 2 Short 0 0 ,First,#,TSH_Part_2,BRT7,-1,-1;BRT8 "BRT8" true true false 2 Short 0 0 ,First,#,TSH_Part_2,BRT8,-1,-1;BRT9 "BRT9" true true false 2 Short 0 0 ,First,#,TSH_Part_2,BRT9,-1,-1;BRT10 "BRT10" true true false 2 Short 0 0 ,First,#,TSH_Part_2,BRT10,-1,-1;BRT11 "BRT11" true true false 2 Short 0 0 ,First,#,TSH_Part_2,BRT11,-1,-1;BRT12 "BRT12" true true false 2 Short 0 0 ,First,#,TSH_Part_2,BRT12,-1,-1;BRT13 "BRT13" true true false 2 Short 0 0 ,First,#,TSH_Part_2,BRT13,-1,-1;BRT14 "BRT14" true true false 2 Short 0 0 ,First,#,TSH_Part_2,BRT14,-1,-1;BRT15 "BRT15" true true false 2 Short 0 0 ,First,#,TSH_Part_2,BRT15,-1,-1;BRT16 "BRT16" true true false 2 Short 0 0 ,First,#,TSH_Part_2,BRT16,-1,-1;BRT17 "BRT17" true true false 2 Short 0 0 ,First,#,TSH_Part_2,BRT17,-1,-1;BRT18 "BRT18" true true false 2 Short 0 0 ,First,#,TSH_Part_2,BRT18,-1,-1;BRT19 "BRT19" true true false 2 Short 0 0 ,First,#,TSH_Part_2,BRT19,-1,-1;BRT20 "BRT20" true true false 2 Short 0 0 ,First,#,TSH_Part_2,BRT20,-1,-1;BRT21 "BRT21" true true false 2 Short 0 0 ,First,#,TSH_Part_2,BRT21,-1,-1;BRT22 "BRT22" true true false 2 Short 0 0 ,First,#,TSH_Part_2,BRT22,-1,-1;LENGTH_F "LENGTH_F" true true false 8 Double 0 0 ,First,#,TSH_Part_2,LENGTH_F,-1,-1;Year "Year" true true false 50 Text 0 0 ,First,#,TSH_Part_2,Year,-1,-1"</Process><Process ToolSource="c:\program files (x86)\arcgis\desktop10.3\ArcToolbox\Toolboxes\Data Management Tools.tbx\Merge" Date="20170721" Time="160732">Merge TSH_TOD_Line;EKU_TOD_Line;JHB_TOD_Line C:\Users\a0036293\Desktop\CoJ_ToD\CoJ_ToD\TOD_ALL.shp "Name "Name" true true false 60 Text 0 0 ,First,#,TSH_TOD_Line,Name,-1,-1,EKU_TOD_Line,NAME,-1,-1;Shape_Leng "Shape_Leng" true true false 19 Double 0 0 ,First,#,TSH_TOD_Line,Shape_Leng,-1,-1;ID "ID" true true false 10 Long 0 10 ,First,#,TSH_TOD_Line,ID,-1,-1,EKU_TOD_Line,ID,-1,-1;LENGTH "LENGTH" true true false 19 Double 0 0 ,First,#,TSH_TOD_Line,LENGTH,-1,-1,EKU_TOD_Line,LENGTH,-1,-1;DIR "DIR" true true false 5 Short 0 5 ,First,#,TSH_TOD_Line,DIR,-1,-1,EKU_TOD_Line,DIR,-1,-1;TYPE "TYPE" true true false 25 Text 0 0 ,First,#,TSH_TOD_Line,TYPE,-1,-1,EKU_TOD_Line,TYPE,-1,-1,JHB_TOD_Line,TYPE,-1,-1;BRT1 "BRT1" true true false 5 Short 0 5 ,First,#,TSH_TOD_Line,BRT1,-1,-1,EKU_TOD_Line,BRT1,-1,-1;BRT2 "BRT2" true true false 5 Short 0 5 ,First,#,TSH_TOD_Line,BRT2,-1,-1,EKU_TOD_Line,BRT2,-1,-1;BRT3 "BRT3" true true false 5 Short 0 5 ,First,#,TSH_TOD_Line,BRT3,-1,-1,EKU_TOD_Line,BRT3,-1,-1;BRT4 "BRT4" true true false 5 Short 0 5 ,First,#,TSH_TOD_Line,BRT4,-1,-1,EKU_TOD_Line,BRT4,-1,-1;BRT5 "BRT5" true true false 5 Short 0 5 ,First,#,TSH_TOD_Line,BRT5,-1,-1,EKU_TOD_Line,BRT5,-1,-1;BRT6 "BRT6" true true false 5 Short 0 5 ,First,#,TSH_TOD_Line,BRT6,-1,-1,EKU_TOD_Line,BRT6,-1,-1;BRT7 "BRT7" true true false 5 Short 0 5 ,First,#,TSH_TOD_Line,BRT7,-1,-1,EKU_TOD_Line,BRT7,-1,-1;BRT8 "BRT8" true true false 5 Short 0 5 ,First,#,TSH_TOD_Line,BRT8,-1,-1,EKU_TOD_Line,BRT8,-1,-1;BRT9 "BRT9" true true false 5 Short 0 5 ,First,#,TSH_TOD_Line,BRT9,-1,-1,EKU_TOD_Line,BRT9,-1,-1;BRT10 "BRT10" true true false 5 Short 0 5 ,First,#,TSH_TOD_Line,BRT10,-1,-1,EKU_TOD_Line,BRT10,-1,-1;BRT11 "BRT11" true true false 5 Short 0 5 ,First,#,TSH_TOD_Line,BRT11,-1,-1,EKU_TOD_Line,BRT11,-1,-1;BRT12 "BRT12" true true false 5 Short 0 5 ,First,#,TSH_TOD_Line,BRT12,-1,-1,EKU_TOD_Line,BRT12,-1,-1;BRT13 "BRT13" true true false 5 Short 0 5 ,First,#,TSH_TOD_Line,BRT13,-1,-1,EKU_TOD_Line,BRT13,-1,-1;BRT14 "BRT14" true true false 5 Short 0 5 ,First,#,TSH_TOD_Line,BRT14,-1,-1,EKU_TOD_Line,BRT14,-1,-1;BRT15 "BRT15" true true false 5 Short 0 5 ,First,#,TSH_TOD_Line,BRT15,-1,-1,EKU_TOD_Line,BRT15,-1,-1;BRT16 "BRT16" true true false 5 Short 0 5 ,First,#,TSH_TOD_Line,BRT16,-1,-1,EKU_TOD_Line,BRT16,-1,-1;BRT17 "BRT17" true true false 5 Short 0 5 ,First,#,TSH_TOD_Line,BRT17,-1,-1,EKU_TOD_Line,BRT17,-1,-1;BRT18 "BRT18" true true false 5 Short 0 5 ,First,#,TSH_TOD_Line,BRT18,-1,-1,EKU_TOD_Line,BRT18,-1,-1;BRT19 "BRT19" true true false 5 Short 0 5 ,First,#,TSH_TOD_Line,BRT19,-1,-1,EKU_TOD_Line,BRT19,-1,-1;BRT20 "BRT20" true true false 5 Short 0 5 ,First,#,TSH_TOD_Line,BRT20,-1,-1,EKU_TOD_Line,BRT20,-1,-1;BRT21 "BRT21" true true false 5 Short 0 5 ,First,#,TSH_TOD_Line,BRT21,-1,-1,EKU_TOD_Line,BRT21,-1,-1;BRT22 "BRT22" true true false 5 Short 0 5 ,First,#,TSH_TOD_Line,BRT22,-1,-1,EKU_TOD_Line,BRT22,-1,-1;LENGTH_F "LENGTH_F" true true false 19 Double 0 0 ,First,#,TSH_TOD_Line,LENGTH_F,-1,-1,EKU_TOD_Line,LENGTH_F,-1,-1;Year "Year" true true false 50 Text 0 0 ,First,#,TSH_TOD_Line,Year,-1,-1,EKU_TOD_Line,Year,-1,-1;Shape_Le_1 "Shape_Le_1" false true true 8 Double 0 0 ,First,#,EKU_TOD_Line,Shape_Length,-1,-1;ROUTE_ID "ROUTE_ID" true true false 4 Short 0 4 ,First,#,JHB_TOD_Line,ROUTE_ID,-1,-1;ROUTE_NAME "ROUTE_NAME" true true false 32 Text 0 0 ,First,#,JHB_TOD_Line,ROUTE_NAME,-1,-1;DIRECTION "DIRECTION" true true false 16 Text 0 0 ,First,#,JHB_TOD_Line,DIRECTION,-1,-1;ROUTELENGT "ROUTELENGT" true true false 8 Float 2 7 ,First,#,JHB_TOD_Line,ROUTELENGT,-1,-1;PHASE_1A "PHASE_1A" true true false 8 Float 2 7 ,First,#,JHB_TOD_Line,PHASE_1A,-1,-1;PHASE_1B "PHASE_1B" true true false 8 Float 2 7 ,First,#,JHB_TOD_Line,PHASE_1B,-1,-1;PHASE_1C "PHASE_1C" true true false 8 Float 2 7 ,First,#,JHB_TOD_Line,PHASE_1C,-1,-1;PHASE_2 "PHASE_2" true true false 8 Float 2 7 ,First,#,JHB_TOD_Line,PHASE_2,-1,-1;PHASE_3 "PHASE_3" true true false 8 Float 2 7 ,First,#,JHB_TOD_Line,PHASE_3,-1,-1;PHASE_4 "PHASE_4" true true false 8 Float 2 7 ,First,#,JHB_TOD_Line,PHASE_4,-1,-1;PHASE_5 "PHASE_5" true true false 8 Float 2 7 ,First,#,JHB_TOD_Line,PHASE_5,-1,-1;PHASE_6 "PHASE_6" true true false 8 Float 2 7 ,First,#,JHB_TOD_Line,PHASE_6,-1,-1;STATUS "STATUS" true true false 16 Text 0 0 ,First,#,JHB_TOD_Line,STATUS,-1,-1;NETWORK_EV "NETWORK_EV" true true false 16 Text 0 0 ,First,#,JHB_TOD_Line,NETWORK_EV,-1,-1;ORIGIN "ORIGIN" true true false 16 Text 0 0 ,First,#,JHB_TOD_Line,ORIGIN,-1,-1;DESTINATIO "DESTINATIO" true true false 16 Text 0 0 ,First,#,JHB_TOD_Line,DESTINATIO,-1,-1;AVESPEED "AVESPEED" true true false 16 Text 0 0 ,First,#,JHB_TOD_Line,AVESPEED,-1,-1"</Process></lineage></DataProperties><SyncDate>20170721</SyncDate><SyncTime>16073100</SyncTime><ModDate>20170721</ModDate><ModTime>16073100</ModTime></Esri><dataIdInfo><envirDesc Sync="TRUE">Microsoft Windows 7 Version 6.1 (Build 7601) Service Pack 1; Esri ArcGIS 10.3.0.4322</envirDesc><dataLang><languageCode value="eng" Sync="TRUE"></languageCode><countryCode value="ZAF" Sync="TRUE"></countryCode></dataLang><idCitation><resTitle Sync="TRUE">TOD_ALL</resTitle><presForm><PresFormCd value="005" Sync="TRUE"></PresFormCd></presForm></idCitation><spatRpType><SpatRepTypCd value="001" Sync="TRUE"></SpatRepTypCd></spatRpType></dataIdInfo><mdLang><languageCode value="eng" Sync="TRUE"></languageCode><countryCode value="ZAF" Sync="TRUE"></countryCode></mdLang><mdChar><CharSetCd value="004" Sync="TRUE"></CharSetCd></mdChar><distInfo><distFormat><formatName Sync="TRUE">Shapefile</formatName></distFormat><distTranOps><transSize Sync="TRUE">0.000</transSize></distTranOps></distInfo><mdHrLv><ScopeCd value="005" Sync="TRUE"></ScopeCd></mdHrLv><mdHrLvName Sync="TRUE">dataset</mdHrLvName><refSysInfo><RefSystem><refSysID><identCode code="4326" Sync="TRUE"></identCode><idCodeSpace Sync="TRUE">EPSG</idCodeSpace><idVersion Sync="TRUE">8.2.6</idVersion></refSysID></RefSystem></refSysInfo><spatRepInfo><VectSpatRep><geometObjs Name="TOD_ALL"><geoObjTyp><GeoObjTypCd value="002" Sync="TRUE"></GeoObjTypCd></geoObjTyp><geoObjCnt Sync="TRUE">0</geoObjCnt></geometObjs><topLvl><TopoLevCd value="001" Sync="TRUE"></TopoLevCd></topLvl></VectSpatRep></spatRepInfo><spdoinfo><ptvctinf><esriterm Name="TOD_ALL"><efeatyp Sync="TRUE">Simple</efeatyp><efeageom code="3" Sync="TRUE"></efeageom><esritopo Sync="TRUE">FALSE</esritopo><efeacnt Sync="TRUE">0</efeacnt><spindex Sync="TRUE">FALSE</spindex><linrefer Sync="TRUE">FALSE</linrefer></esriterm></ptvctinf></spdoinfo><eainfo><detailed Name="TOD_ALL"><enttyp><enttypl Sync="TRUE">TOD_ALL</enttypl><enttypt Sync="TRUE">Feature Class</enttypt><enttypc Sync="TRUE">0</enttypc></enttyp><attr><attrlabl Sync="TRUE">FID</attrlabl><attalias Sync="TRUE">FID</attalias><attrtype Sync="TRUE">OID</attrtype><attwidth Sync="TRUE">4</attwidth><atprecis Sync="TRUE">0</atprecis><attscale Sync="TRUE">0</attscale><attrdef Sync="TRUE">Internal feature number.</attrdef><attrdefs Sync="TRUE">Esri</attrdefs><attrdomv><udom Sync="TRUE">Sequential unique whole numbers that are automatically generated.</udom></attrdomv></attr><attr><attrlabl Sync="TRUE">Shape</attrlabl><attalias Sync="TRUE">Shape</attalias><attrtype Sync="TRUE">Geometry</attrtype><attwidth Sync="TRUE">0</attwidth><atprecis Sync="TRUE">0</atprecis><attscale Sync="TRUE">0</attscale><attrdef Sync="TRUE">Feature geometry.</attrdef><attrdefs Sync="TRUE">Esri</attrdefs><attrdomv><udom Sync="TRUE">Coordinates defining the features.</udom></attrdomv></attr><attr><attrlabl Sync="TRUE">Name</attrlabl><attalias Sync="TRUE">Name</attalias><attrtype Sync="TRUE">String</attrtype><attwidth Sync="TRUE">60</attwidth><atprecis Sync="TRUE">0</atprecis><attscale Sync="TRUE">0</attscale></attr><attr><attrlabl Sync="TRUE">Shape_Leng</attrlabl><attalias Sync="TRUE">Shape_Leng</attalias><attrtype Sync="TRUE">Double</attrtype><attwidth Sync="TRUE">19</attwidth><atprecis Sync="TRUE">0</atprecis><attscale Sync="TRUE">0</attscale></attr><attr><attrlabl Sync="TRUE">ID</attrlabl><attalias Sync="TRUE">ID</attalias><attrtype Sync="TRUE">Integer</attrtype><attwidth Sync="TRUE">10</attwidth><atprecis Sync="TRUE">10</atprecis><attscale Sync="TRUE">0</attscale></attr><attr><attrlabl Sync="TRUE">LENGTH</attrlabl><attalias Sync="TRUE">LENGTH</attalias><attrtype Sync="TRUE">Double</attrtype><attwidth Sync="TRUE">19</attwidth><atprecis Sync="TRUE">0</atprecis><attscale Sync="TRUE">0</attscale></attr><attr><attrlabl Sync="TRUE">DIR</attrlabl><attalias Sync="TRUE">DIR</attalias><attrtype Sync="TRUE">SmallInteger</attrtype><attwidth Sync="TRUE">5</attwidth><atprecis Sync="TRUE">5</atprecis><attscale Sync="TRUE">0</attscale></attr><attr><attrlabl Sync="TRUE">TYPE</attrlabl><attalias Sync="TRUE">TYPE</attalias><attrtype Sync="TRUE">String</attrtype><attwidth Sync="TRUE">25</attwidth><atprecis Sync="TRUE">0</atprecis><attscale Sync="TRUE">0</attscale></attr><attr><attrlabl Sync="TRUE">BRT1</attrlabl><attalias Sync="TRUE">BRT1</attalias><attrtype Sync="TRUE">SmallInteger</attrtype><attwidth Sync="TRUE">5</attwidth><atprecis Sync="TRUE">5</atprecis><attscale Sync="TRUE">0</attscale></attr><attr><attrlabl Sync="TRUE">BRT2</attrlabl><attalias Sync="TRUE">BRT2</attalias><attrtype Sync="TRUE">SmallInteger</attrtype><attwidth Sync="TRUE">5</attwidth><atprecis Sync="TRUE">5</atprecis><attscale Sync="TRUE">0</attscale></attr><attr><attrlabl Sync="TRUE">BRT3</attrlabl><attalias Sync="TRUE">BRT3</attalias><attrtype Sync="TRUE">SmallInteger</attrtype><attwidth Sync="TRUE">5</attwidth><atprecis Sync="TRUE">5</atprecis><attscale Sync="TRUE">0</attscale></attr><attr><attrlabl Sync="TRUE">BRT4</attrlabl><attalias Sync="TRUE">BRT4</attalias><attrtype Sync="TRUE">SmallInteger</attrtype><attwidth Sync="TRUE">5</attwidth><atprecis Sync="TRUE">5</atprecis><attscale Sync="TRUE">0</attscale></attr><attr><attrlabl Sync="TRUE">BRT5</attrlabl><attalias Sync="TRUE">BRT5</attalias><attrtype Sync="TRUE">SmallInteger</attrtype><attwidth Sync="TRUE">5</attwidth><atprecis Sync="TRUE">5</atprecis><attscale Sync="TRUE">0</attscale></attr><attr><attrlabl Sync="TRUE">BRT6</attrlabl><attalias Sync="TRUE">BRT6</attalias><attrtype Sync="TRUE">SmallInteger</attrtype><attwidth Sync="TRUE">5</attwidth><atprecis Sync="TRUE">5</atprecis><attscale Sync="TRUE">0</attscale></attr><attr><attrlabl Sync="TRUE">BRT7</attrlabl><attalias Sync="TRUE">BRT7</attalias><attrtype Sync="TRUE">SmallInteger</attrtype><attwidth Sync="TRUE">5</attwidth><atprecis Sync="TRUE">5</atprecis><attscale Sync="TRUE">0</attscale></attr><attr><attrlabl Sync="TRUE">BRT8</attrlabl><attalias Sync="TRUE">BRT8</attalias><attrtype Sync="TRUE">SmallInteger</attrtype><attwidth Sync="TRUE">5</attwidth><atprecis Sync="TRUE">5</atprecis><attscale Sync="TRUE">0</attscale></attr><attr><attrlabl Sync="TRUE">BRT9</attrlabl><attalias Sync="TRUE">BRT9</attalias><attrtype Sync="TRUE">SmallInteger</attrtype><attwidth Sync="TRUE">5</attwidth><atprecis Sync="TRUE">5</atprecis><attscale Sync="TRUE">0</attscale></attr><attr><attrlabl Sync="TRUE">BRT10</attrlabl><attalias Sync="TRUE">BRT10</attalias><attrtype Sync="TRUE">SmallInteger</attrtype><attwidth Sync="TRUE">5</attwidth><atprecis Sync="TRUE">5</atprecis><attscale Sync="TRUE">0</attscale></attr><attr><attrlabl Sync="TRUE">BRT11</attrlabl><attalias Sync="TRUE">BRT11</attalias><attrtype Sync="TRUE">SmallInteger</attrtype><attwidth Sync="TRUE">5</attwidth><atprecis Sync="TRUE">5</atprecis><attscale Sync="TRUE">0</attscale></attr><attr><attrlabl Sync="TRUE">BRT12</attrlabl><attalias Sync="TRUE">BRT12</attalias><attrtype Sync="TRUE">SmallInteger</attrtype><attwidth Sync="TRUE">5</attwidth><atprecis Sync="TRUE">5</atprecis><attscale Sync="TRUE">0</attscale></attr><attr><attrlabl Sync="TRUE">BRT13</attrlabl><attalias Sync="TRUE">BRT13</attalias><attrtype Sync="TRUE">SmallInteger</attrtype><attwidth Sync="TRUE">5</attwidth><atprecis Sync="TRUE">5</atprecis><attscale Sync="TRUE">0</attscale></attr><attr><attrlabl Sync="TRUE">BRT14</attrlabl><attalias Sync="TRUE">BRT14</attalias><attrtype Sync="TRUE">SmallInteger</attrtype><attwidth Sync="TRUE">5</attwidth><atprecis Sync="TRUE">5</atprecis><attscale Sync="TRUE">0</attscale></attr><attr><attrlabl Sync="TRUE">BRT15</attrlabl><attalias Sync="TRUE">BRT15</attalias><attrtype Sync="TRUE">SmallInteger</attrtype><attwidth Sync="TRUE">5</attwidth><atprecis Sync="TRUE">5</atprecis><attscale Sync="TRUE">0</attscale></attr><attr><attrlabl Sync="TRUE">BRT16</attrlabl><attalias Sync="TRUE">BRT16</attalias><attrtype Sync="TRUE">SmallInteger</attrtype><attwidth Sync="TRUE">5</attwidth><atprecis Sync="TRUE">5</atprecis><attscale Sync="TRUE">0</attscale></attr><attr><attrlabl Sync="TRUE">BRT17</attrlabl><attalias Sync="TRUE">BRT17</attalias><attrtype Sync="TRUE">SmallInteger</attrtype><attwidth Sync="TRUE">5</attwidth><atprecis Sync="TRUE">5</atprecis><attscale Sync="TRUE">0</attscale></attr><attr><attrlabl Sync="TRUE">BRT18</attrlabl><attalias Sync="TRUE">BRT18</attalias><attrtype Sync="TRUE">SmallInteger</attrtype><attwidth Sync="TRUE">5</attwidth><atprecis Sync="TRUE">5</atprecis><attscale Sync="TRUE">0</attscale></attr><attr><attrlabl Sync="TRUE">BRT19</attrlabl><attalias Sync="TRUE">BRT19</attalias><attrtype Sync="TRUE">SmallInteger</attrtype><attwidth Sync="TRUE">5</attwidth><atprecis Sync="TRUE">5</atprecis><attscale Sync="TRUE">0</attscale></attr><attr><attrlabl Sync="TRUE">BRT20</attrlabl><attalias Sync="TRUE">BRT20</attalias><attrtype Sync="TRUE">SmallInteger</attrtype><attwidth Sync="TRUE">5</attwidth><atprecis Sync="TRUE">5</atprecis><attscale Sync="TRUE">0</attscale></attr><attr><attrlabl Sync="TRUE">BRT21</attrlabl><attalias Sync="TRUE">BRT21</attalias><attrtype Sync="TRUE">SmallInteger</attrtype><attwidth Sync="TRUE">5</attwidth><atprecis Sync="TRUE">5</atprecis><attscale Sync="TRUE">0</attscale></attr><attr><attrlabl Sync="TRUE">BRT22</attrlabl><attalias Sync="TRUE">BRT22</attalias><attrtype Sync="TRUE">SmallInteger</attrtype><attwidth Sync="TRUE">5</attwidth><atprecis Sync="TRUE">5</atprecis><attscale Sync="TRUE">0</attscale></attr><attr><attrlabl Sync="TRUE">LENGTH_F</attrlabl><attalias Sync="TRUE">LENGTH_F</attalias><attrtype Sync="TRUE">Double</attrtype><attwidth Sync="TRUE">19</attwidth><atprecis Sync="TRUE">0</atprecis><attscale Sync="TRUE">0</attscale></attr><attr><attrlabl Sync="TRUE">Year</attrlabl><attalias Sync="TRUE">Year</attalias><attrtype Sync="TRUE">String</attrtype><attwidth Sync="TRUE">50</attwidth><atprecis Sync="TRUE">0</atprecis><attscale Sync="TRUE">0</attscale></attr><attr><attrlabl Sync="TRUE">Shape_Le_1</attrlabl><attalias Sync="TRUE">Shape_Le_1</attalias><attrtype Sync="TRUE">Double</attrtype><attwidth Sync="TRUE">19</attwidth><atprecis Sync="TRUE">0</atprecis><attscale Sync="TRUE">0</attscale></attr><attr><attrlabl Sync="TRUE">ROUTE_ID</attrlabl><attalias Sync="TRUE">ROUTE_ID</attalias><attrtype Sync="TRUE">SmallInteger</attrtype><attwidth Sync="TRUE">4</attwidth><atprecis Sync="TRUE">4</atprecis><attscale Sync="TRUE">0</attscale></attr><attr><attrlabl Sync="TRUE">ROUTE_NAME</attrlabl><attalias Sync="TRUE">ROUTE_NAME</attalias><attrtype Sync="TRUE">String</attrtype><attwidth Sync="TRUE">32</attwidth><atprecis Sync="TRUE">0</atprecis><attscale Sync="TRUE">0</attscale></attr><attr><attrlabl Sync="TRUE">DIRECTION</attrlabl><attalias Sync="TRUE">DIRECTION</attalias><attrtype Sync="TRUE">String</attrtype><attwidth Sync="TRUE">16</attwidth><atprecis Sync="TRUE">0</atprecis><attscale Sync="TRUE">0</attscale></attr><attr><attrlabl Sync="TRUE">ROUTELENGT</attrlabl><attalias Sync="TRUE">ROUTELENGT</attalias><attrtype Sync="TRUE">Single</attrtype><attwidth Sync="TRUE">8</attwidth><atprecis Sync="TRUE">7</atprecis><attscale Sync="TRUE">2</attscale></attr><attr><attrlabl Sync="TRUE">PHASE_1A</attrlabl><attalias Sync="TRUE">PHASE_1A</attalias><attrtype Sync="TRUE">Single</attrtype><attwidth Sync="TRUE">8</attwidth><atprecis Sync="TRUE">7</atprecis><attscale Sync="TRUE">2</attscale></attr><attr><attrlabl Sync="TRUE">PHASE_1B</attrlabl><attalias Sync="TRUE">PHASE_1B</attalias><attrtype Sync="TRUE">Single</attrtype><attwidth Sync="TRUE">8</attwidth><atprecis Sync="TRUE">7</atprecis><attscale Sync="TRUE">2</attscale></attr><attr><attrlabl Sync="TRUE">PHASE_1C</attrlabl><attalias Sync="TRUE">PHASE_1C</attalias><attrtype Sync="TRUE">Single</attrtype><attwidth Sync="TRUE">8</attwidth><atprecis Sync="TRUE">7</atprecis><attscale Sync="TRUE">2</attscale></attr><attr><attrlabl Sync="TRUE">PHASE_2</attrlabl><attalias Sync="TRUE">PHASE_2</attalias><attrtype Sync="TRUE">Single</attrtype><attwidth Sync="TRUE">8</attwidth><atprecis Sync="TRUE">7</atprecis><attscale Sync="TRUE">2</attscale></attr><attr><attrlabl Sync="TRUE">PHASE_3</attrlabl><attalias Sync="TRUE">PHASE_3</attalias><attrtype Sync="TRUE">Single</attrtype><attwidth Sync="TRUE">8</attwidth><atprecis Sync="TRUE">7</atprecis><attscale Sync="TRUE">2</attscale></attr><attr><attrlabl Sync="TRUE">PHASE_4</attrlabl><attalias Sync="TRUE">PHASE_4</attalias><attrtype Sync="TRUE">Single</attrtype><attwidth Sync="TRUE">8</attwidth><atprecis Sync="TRUE">7</atprecis><attscale Sync="TRUE">2</attscale></attr><attr><attrlabl Sync="TRUE">PHASE_5</attrlabl><attalias Sync="TRUE">PHASE_5</attalias><attrtype Sync="TRUE">Single</attrtype><attwidth Sync="TRUE">8</attwidth><atprecis Sync="TRUE">7</atprecis><attscale Sync="TRUE">2</attscale></attr><attr><attrlabl Sync="TRUE">PHASE_6</attrlabl><attalias Sync="TRUE">PHASE_6</attalias><attrtype Sync="TRUE">Single</attrtype><attwidth Sync="TRUE">8</attwidth><atprecis Sync="TRUE">7</atprecis><attscale Sync="TRUE">2</attscale></attr><attr><attrlabl Sync="TRUE">STATUS</attrlabl><attalias Sync="TRUE">STATUS</attalias><attrtype Sync="TRUE">String</attrtype><attwidth Sync="TRUE">16</attwidth><atprecis Sync="TRUE">0</atprecis><attscale Sync="TRUE">0</attscale></attr><attr><attrlabl Sync="TRUE">NETWORK_EV</attrlabl><attalias Sync="TRUE">NETWORK_EV</attalias><attrtype Sync="TRUE">String</attrtype><attwidth Sync="TRUE">16</attwidth><atprecis Sync="TRUE">0</atprecis><attscale Sync="TRUE">0</attscale></attr><attr><attrlabl Sync="TRUE">ORIGIN</attrlabl><attalias Sync="TRUE">ORIGIN</attalias><attrtype Sync="TRUE">String</attrtype><attwidth Sync="TRUE">16</attwidth><atprecis Sync="TRUE">0</atprecis><attscale Sync="TRUE">0</attscale></attr><attr><attrlabl Sync="TRUE">DESTINATIO</attrlabl><attalias Sync="TRUE">DESTINATIO</attalias><attrtype Sync="TRUE">String</attrtype><attwidth Sync="TRUE">16</attwidth><atprecis Sync="TRUE">0</atprecis><attscale Sync="TRUE">0</attscale></attr><attr><attrlabl Sync="TRUE">AVESPEED</attrlabl><attalias Sync="TRUE">AVESPEED</attalias><attrtype Sync="TRUE">String</attrtype><attwidth Sync="TRUE">16</attwidth><atprecis Sync="TRUE">0</atprecis><attscale Sync="TRUE">0</attscale></attr></detailed></eainfo><mdDateSt Sync="TRUE">20170721</mdDateSt></metadata>
